{
    "Avec contr\u00f4leur": {
        "Moyenne": 1465.0647943490744,
        "\u00c9cart-type": 219.61709601616076,
        "Maximum": 2029.795664191246,
        "Minimum": 838.7589349746704,
        "Médiane": 1459.7411526441574
    },
    "Sans contr\u00f4leur": {
        "Moyenne": 58006.14725482464,
        "Écart-type": 0.0,
        "Maximum": 58006.14725482464,
        "Minimum": 58006.14725482464,
        "Médiane": 58006.14725482464
    }
}